start,end,bars,minutes,avg_bb_width,avg_adx,avg_ema_slope,close_chg_pct
2025-07-18T07:15:00+00:00,2025-07-18T09:08:00+00:00,114,113.0,0.00401485001676819,42.34947872820688,-0.0005997618881155496,-1.099972581939579
2025-08-11T01:32:00+00:00,2025-08-11T03:21:00+00:00,110,109.0,0.006148357155199428,40.66446490203186,0.00103985586633764,1.74894427105583
2025-07-24T03:46:00+00:00,2025-07-24T05:31:00+00:00,106,105.0,0.003728998564915728,36.458986510439956,-0.0005569341817826668,-0.9450516140983023
2025-07-21T17:30:00+00:00,2025-07-21T19:13:00+00:00,104,103.0,0.004084424952087071,35.31928615716289,-0.0002288439946313657,-0.20938924874268627
2025-07-22T00:37:00+00:00,2025-07-22T02:06:00+00:00,90,89.0,0.0052711159754284176,33.233448232821274,0.00014311095266490018,0.45860786465516945
2025-07-27T08:26:00+00:00,2025-07-27T09:55:00+00:00,90,89.0,0.0011077360201652852,34.169939523129216,-8.703503410829187e-05,-0.10595905233614644
2025-07-31T06:32:00+00:00,2025-07-31T08:01:00+00:00,90,89.0,0.002122062577871948,37.825174251010374,0.00015107616364068495,0.2187542494491046
2025-08-08T05:36:00+00:00,2025-08-08T07:05:00+00:00,90,89.0,0.001333905752978005,37.101281507500595,1.2091720243040979e-05,0.04865545331522725
2025-08-11T06:46:00+00:00,2025-08-11T08:15:00+00:00,90,89.0,0.002580080996704626,34.06341102329088,-0.0002804448437726774,-0.491181560440368
2025-07-15T03:02:00+00:00,2025-07-15T04:29:00+00:00,88,87.0,0.006542254254418498,35.18961205166519,-0.0005080923510100368,-0.3207870882984465
2025-08-05T09:22:00+00:00,2025-08-05T10:48:00+00:00,87,86.0,0.0024428901690797477,35.26481295240635,0.00026255227534407105,0.38541438163715025
2025-08-10T02:20:00+00:00,2025-08-10T03:46:00+00:00,87,86.0,0.004690063733020832,44.96513707477857,0.0008094229314318985,1.258038946849771
2025-07-18T20:05:00+00:00,2025-07-18T21:26:00+00:00,82,81.0,0.003982499101519556,36.58443557237164,0.00015090950273806425,0.36724204379960934
2025-07-16T08:36:00+00:00,2025-07-16T09:56:00+00:00,81,80.0,0.003452922666673226,38.47085696577251,0.00039852097750797807,0.577508420238293
2025-07-26T09:51:00+00:00,2025-07-26T11:10:00+00:00,80,79.0,0.0020982924086838514,49.304817662084375,0.0002677694587577167,0.4024528351653567
2025-08-08T10:25:00+00:00,2025-08-08T11:44:00+00:00,80,79.0,0.001677173514403832,37.40698257558107,9.25863764039129e-05,0.22299999828263584
2025-08-09T10:41:00+00:00,2025-08-09T12:00:00+00:00,80,79.0,0.0019683949861805153,42.03290878602754,-0.0002951437901251528,-0.32866699987483816
2025-07-21T06:21:00+00:00,2025-07-21T07:39:00+00:00,79,78.0,0.003921734436632646,40.300583634775236,0.0005708967087023316,0.6793191796556686
2025-07-14T15:07:00+00:00,2025-07-14T16:21:00+00:00,75,74.0,0.005025425200311129,31.073054498488364,-0.0007940029683571595,-1.0431246531890093
2025-07-17T22:51:00+00:00,2025-07-18T00:05:00+00:00,75,74.0,0.004066159999478019,30.55314769066079,-0.0004995456339572079,-0.3035739502967649
2025-07-25T02:38:00+00:00,2025-07-25T03:50:00+00:00,73,72.0,0.006156493202410868,38.63807790679518,-0.0009125835663377359,-1.1663070653104568
2025-07-19T07:37:00+00:00,2025-07-19T08:48:00+00:00,72,71.0,0.0013211014459283644,34.086172318760276,-0.00010861726273812311,-0.07023945731133852
2025-07-24T14:34:00+00:00,2025-07-24T15:45:00+00:00,72,71.0,0.005575674580742472,32.81544355569323,0.0004317899553530126,0.4951854157673852
2025-07-28T11:29:00+00:00,2025-07-28T12:40:00+00:00,72,71.0,0.00215144492093705,33.23689968755956,0.0001591233368549792,0.3455117217550763
2025-08-01T13:32:00+00:00,2025-08-01T14:43:00+00:00,72,71.0,0.008738875050148524,33.18729320862303,-9.698350061746369e-05,0.008061279593785109
2025-07-17T10:33:00+00:00,2025-07-17T11:42:00+00:00,70,69.0,0.0020790422214853597,38.368824052829076,-0.00025968573185411697,-0.3086078553652727
2025-07-20T06:51:00+00:00,2025-07-20T08:00:00+00:00,70,69.0,0.0014761874152915445,39.495366598044356,0.00013492035441024132,0.147123830921303
2025-07-15T12:32:00+00:00,2025-07-15T13:40:00+00:00,69,68.0,0.007455988322201435,32.21059915162908,0.0004986941533692813,0.4681834685976938
2025-08-07T10:03:00+00:00,2025-08-07T11:11:00+00:00,69,68.0,0.004721738794902231,36.4477001439713,0.0008551686239747815,0.9069657989645874
2025-08-12T05:04:00+00:00,2025-08-12T06:12:00+00:00,69,68.0,0.0030743651453155915,36.690556650593486,-0.00017161452374614829,-0.04581909207448387
2025-07-18T04:06:00+00:00,2025-07-18T05:12:00+00:00,67,66.0,0.0031977418279479607,37.00978658176159,9.854024177957686e-05,0.40648000486842584
2025-08-04T04:37:00+00:00,2025-08-04T05:43:00+00:00,67,66.0,0.0013041264467572229,39.5707542794498,-0.00020013354204903745,-0.21100808368995638
2025-08-08T17:52:00+00:00,2025-08-08T18:58:00+00:00,67,66.0,0.002936510156175731,36.682623271037,-3.348746021033665e-06,-0.05398914552091627
2025-07-21T22:34:00+00:00,2025-07-21T23:39:00+00:00,66,65.0,0.002985556796604375,34.13609107882507,3.0344726727207854e-05,-0.10982607327126859
2025-07-17T11:52:00+00:00,2025-07-17T12:56:00+00:00,65,64.0,0.003105542862527593,35.082956375195515,-0.00014022423308293473,-0.04438605363089598
2025-07-14T07:15:00+00:00,2025-07-14T08:18:00+00:00,64,63.0,0.00449743409203885,37.488261478233696,0.00019584589975308223,0.14648389576825682
2025-07-17T19:46:00+00:00,2025-07-17T20:49:00+00:00,64,63.0,0.005571997178184355,40.22392692352299,-0.0002864581862421194,-0.09804283047137874
2025-07-24T16:16:00+00:00,2025-07-24T17:19:00+00:00,64,63.0,0.0039680013869030015,35.83441660133644,-0.00015802506923861777,0.09104154560077848
2025-07-26T19:47:00+00:00,2025-07-26T20:50:00+00:00,64,63.0,0.0017955158913033802,37.852865010262775,-8.456857241757532e-05,-0.245609404056657
2025-07-28T19:04:00+00:00,2025-07-28T20:07:00+00:00,64,63.0,0.004177815135540069,31.394551367773694,0.00010784250985666858,-0.20041064700621058
2025-08-09T14:47:00+00:00,2025-08-09T15:50:00+00:00,64,63.0,0.0019769172101230118,32.04954342215237,-1.2497396785918774e-05,0.01969898241909185
2025-07-16T04:32:00+00:00,2025-07-16T05:34:00+00:00,63,62.0,0.0027259809836106016,40.27796671094627,0.0003009307564329605,0.30676620621969963
2025-08-07T05:23:00+00:00,2025-08-07T06:25:00+00:00,63,62.0,0.0014019274953870624,38.01964911908714,0.00018420306442184996,0.07005767965819754
2025-08-11T17:48:00+00:00,2025-08-11T18:50:00+00:00,63,62.0,0.003121959567791901,34.46325465230609,-5.149207184339852e-05,0.21093233598568073
2025-08-02T06:11:00+00:00,2025-08-02T07:12:00+00:00,62,61.0,0.0023443456196405614,37.73180640408164,-0.00017358282141419093,-0.19441459945583883
2025-07-21T11:42:00+00:00,2025-07-21T12:42:00+00:00,61,60.0,0.004768597547303965,38.84742944068963,-0.00019156804787892975,-0.170274975071405
2025-07-15T01:57:00+00:00,2025-07-15T02:56:00+00:00,60,59.0,0.006245402499670297,39.003489470958534,-0.0006755441324167808,-0.39787910065516296
2025-07-15T14:20:00+00:00,2025-07-15T15:19:00+00:00,60,59.0,0.009250902161644765,42.545694912917575,-0.0014148270536361001,-1.3947064070518045
2025-07-16T00:39:00+00:00,2025-07-16T01:37:00+00:00,59,58.0,0.0035982562325728236,35.054174661538504,8.82727325116263e-05,-0.1427287669744981
2025-07-27T10:03:00+00:00,2025-07-27T11:01:00+00:00,59,58.0,0.001545244717396324,39.93619667975936,0.0002219044918769311,0.1526639951879405
2025-08-05T14:04:00+00:00,2025-08-05T15:02:00+00:00,59,58.0,0.006269599753438669,35.8689238104066,-0.0010506574120107335,-1.0177545723966008
2025-08-09T08:30:00+00:00,2025-08-09T09:28:00+00:00,59,58.0,0.0028434904540652357,36.377331672246115,0.0003499079343361889,0.34841266783944835
2025-07-19T11:51:00+00:00,2025-07-19T12:48:00+00:00,58,57.0,0.0015486604649532782,36.278240440826224,-0.00015594417813004873,-0.10668010170959974
2025-08-01T15:05:00+00:00,2025-08-01T16:02:00+00:00,58,57.0,0.005607739183073315,26.928966347378413,-0.00021531939683576025,0.13450541058861454
2025-08-03T10:49:00+00:00,2025-08-03T11:45:00+00:00,57,56.0,0.0022418357714929765,38.20882099799382,0.0001331160383764252,0.05876256060712848
2025-07-23T03:19:00+00:00,2025-07-23T04:14:00+00:00,56,55.0,0.0020980243302531378,33.74548228454404,-0.0002552922220234857,-0.1472133356775318
2025-08-01T11:29:00+00:00,2025-08-01T12:23:00+00:00,55,54.0,0.0027468500821399167,35.50822174774241,0.0003986514748618675,0.2275260433421078
2025-08-03T04:01:00+00:00,2025-08-03T04:55:00+00:00,55,54.0,0.0020269703277511156,34.64805278327798,-0.00021392495151988444,-0.05552475743172414
2025-08-03T08:15:00+00:00,2025-08-03T09:09:00+00:00,55,54.0,0.0013201459399219456,39.87008893041603,-5.414109787960534e-05,-0.13048253037630797
2025-07-16T22:37:00+00:00,2025-07-16T23:30:00+00:00,54,53.0,0.0032999456938966414,40.13227542557091,-0.0005161049452901793,-0.31445166387883416
2025-07-17T17:49:00+00:00,2025-07-17T18:42:00+00:00,54,53.0,0.005034863371349925,30.341598669814484,0.0007601961437533403,0.5573758650202931
2025-07-20T22:01:00+00:00,2025-07-20T22:54:00+00:00,54,53.0,0.007651707638434093,39.120609368684896,-0.00044771714656774425,-0.18374299076530098
2025-07-26T13:07:00+00:00,2025-07-26T14:00:00+00:00,54,53.0,0.0018167219616001247,38.04631003195272,0.00017402120609556572,0.049801345144495635
2025-07-29T22:33:00+00:00,2025-07-29T23:26:00+00:00,54,53.0,0.0013066681123723655,34.71402265823062,0.000211444081965152,0.15310552726246485
2025-08-02T17:47:00+00:00,2025-08-02T18:40:00+00:00,54,53.0,0.004504799941008377,33.95518261067115,-0.0006374147046793175,-0.5564078472174327
2025-08-05T12:22:00+00:00,2025-08-05T13:15:00+00:00,54,53.0,0.0049628605287166845,38.858739023831006,-0.0006388344803819637,-0.345178428140136
2025-08-07T02:41:00+00:00,2025-08-07T03:34:00+00:00,54,53.0,0.0014948876880106997,39.74594176612274,-0.00020540110924467428,-0.10096320820410787
2025-08-08T01:03:00+00:00,2025-08-08T01:56:00+00:00,54,53.0,0.002839138995877317,35.535984383547415,-0.0003740217384578421,-0.16031831217974135
2025-08-08T23:21:00+00:00,2025-08-09T00:14:00+00:00,54,53.0,0.0010568207617019062,45.1126249987189,-0.0001573824208844309,-0.12105107259468006
2025-07-16T17:21:00+00:00,2025-07-16T18:13:00+00:00,53,52.0,0.004409402532462039,33.86678771116281,1.5545969646472027e-05,0.012317706325770672
2025-07-18T14:08:00+00:00,2025-07-18T15:00:00+00:00,53,52.0,0.009249308826602177,34.02496974567627,-0.0005809501485898388,-1.020541683092746
2025-07-24T17:24:00+00:00,2025-07-24T18:16:00+00:00,53,52.0,0.0027262953264048572,29.726982895878116,0.00033662841402133024,0.1306586927916964
2025-07-28T00:18:00+00:00,2025-07-28T01:10:00+00:00,53,52.0,0.003253807564390144,34.582309350281164,-0.00014178646367441448,-0.21930191539849542
2025-07-15T21:14:00+00:00,2025-07-15T22:05:00+00:00,52,51.0,0.004073485515346283,38.676203281538776,0.0006672751612858822,0.3845292189191385
2025-08-05T06:38:00+00:00,2025-08-05T07:29:00+00:00,52,51.0,0.0021209369574434964,41.10667841819031,-0.00012620781869740588,-0.08559785462718406
2025-08-10T07:36:00+00:00,2025-08-10T08:27:00+00:00,52,51.0,0.004228574911725857,37.11247874706109,-8.088179535890267e-05,0.1064367519743703
2025-07-15T00:41:00+00:00,2025-07-15T01:31:00+00:00,51,50.0,0.004677875298164512,33.89415221337751,-0.000537445288578945,-0.23361274098909757
2025-07-24T10:19:00+00:00,2025-07-24T11:09:00+00:00,51,50.0,0.003188924879293776,36.30329392882589,-5.795372507346482e-05,0.1478163455941095
2025-07-31T13:14:00+00:00,2025-07-31T14:04:00+00:00,51,50.0,0.004621163609479005,33.57852568338793,3.330479348720788e-05,0.12619395808364242
2025-07-14T03:42:00+00:00,2025-07-14T04:31:00+00:00,50,49.0,0.007374845382514075,34.55631584399908,0.0008450884473382242,0.12454733585463007
2025-07-16T06:36:00+00:00,2025-07-16T07:25:00+00:00,50,49.0,0.002125458560924655,34.91495628473455,0.00015633441737749115,0.006346793895906089
2025-07-21T01:57:00+00:00,2025-07-21T02:46:00+00:00,50,49.0,0.0049450858064938015,39.847922768834934,0.0007142971894637567,0.42791248306943697
2025-07-31T00:29:00+00:00,2025-07-31T01:18:00+00:00,50,49.0,0.0028523401063931873,43.850193782384494,0.00038963270099463517,0.18082462468722582
2025-08-11T19:32:00+00:00,2025-08-11T20:21:00+00:00,50,49.0,0.004391929738438044,43.191257245327485,-0.000690684779447131,-0.579224866511685
2025-07-28T04:43:00+00:00,2025-07-28T05:31:00+00:00,49,48.0,0.0018486129328926337,31.802912080724465,0.0001420830220799672,-0.011654806433791798
2025-08-06T05:07:00+00:00,2025-08-06T05:55:00+00:00,49,48.0,0.005081326803635703,37.01390503940082,0.0006407284244068848,0.3602728785591758
2025-07-18T22:27:00+00:00,2025-07-18T23:14:00+00:00,48,47.0,0.0025376977169662297,30.80785676294359,-4.6067167573928805e-05,-0.19927027547482767
2025-07-23T10:24:00+00:00,2025-07-23T11:11:00+00:00,48,47.0,0.0023863591863739924,29.259920276544733,0.0003236809299552755,0.09376377790171198
2025-07-30T18:40:00+00:00,2025-07-30T19:27:00+00:00,48,47.0,0.008598295558192623,41.315150836519706,-0.0012618000312035126,-0.7670531358936916
2025-07-31T19:09:00+00:00,2025-07-31T19:56:00+00:00,48,47.0,0.0038399868305096785,37.903153497944736,-0.0006711561035237238,-0.6645391881541896
2025-08-02T15:34:00+00:00,2025-08-02T16:21:00+00:00,48,47.0,0.002645148509475073,30.199453745788762,-0.0003597701285468639,-0.14486456446385354
2025-07-25T07:03:00+00:00,2025-07-25T07:49:00+00:00,47,46.0,0.006316646000790287,29.617603965988714,-1.6945248040182741e-06,0.05995901931374892
2025-07-26T08:22:00+00:00,2025-07-26T09:08:00+00:00,47,46.0,0.0014056467280307852,38.9242600344503,0.0001713099116439067,0.0923261156001498
2025-08-04T00:29:00+00:00,2025-08-04T01:15:00+00:00,47,46.0,0.0038268951139283688,44.07822798386218,0.0005163351158619442,0.2705892336454463
2025-08-07T19:32:00+00:00,2025-08-07T20:18:00+00:00,47,46.0,0.004655147868709516,47.73186427672996,0.0006799326440722261,0.5469174600398752
2025-07-16T14:46:00+00:00,2025-07-16T15:31:00+00:00,46,45.0,0.007581186110942569,28.66684400913373,0.0007646406236485257,0.44776785827114196
2025-07-16T21:37:00+00:00,2025-07-16T22:22:00+00:00,46,45.0,0.0033608060622803693,42.15837294498066,-0.0004463123377062319,-0.162257241744046
2025-08-01T10:38:00+00:00,2025-08-01T11:23:00+00:00,46,45.0,0.002925348216436872,35.27167006180459,-0.00018911396539885748,0.0
2025-08-10T11:28:00+00:00,2025-08-10T12:13:00+00:00,46,45.0,0.002842793797317881,36.691363476971134,0.0003413750452387956,0.19787623556324352
2025-07-17T21:01:00+00:00,2025-07-17T21:45:00+00:00,45,44.0,0.009027250672198098,38.526926846440965,0.0012061385527205675,0.881082300640923
2025-07-20T21:02:00+00:00,2025-07-20T21:46:00+00:00,45,44.0,0.002842071375166077,34.647068160526786,-0.00013521928675235532,0.01737435375879226
2025-07-27T16:01:00+00:00,2025-07-27T16:45:00+00:00,45,44.0,0.005043226795478232,37.19761805833316,0.0008556966577899578,0.48888888888889426
2025-08-07T23:48:00+00:00,2025-08-08T00:32:00+00:00,45,44.0,0.0028932477355697564,32.29334578730956,-0.00017767406233338689,-0.31624357483849286
2025-07-13T11:06:00+00:00,2025-07-13T11:49:00+00:00,44,43.0,0.0017396438087410133,40.049260120599236,0.00019772837587951012,0.08817788339132715
2025-07-18T13:04:00+00:00,2025-07-18T13:47:00+00:00,44,43.0,0.004455034470050053,35.314763210587614,-0.0006583766033033757,-0.17038938343072463
2025-07-19T17:06:00+00:00,2025-07-19T17:49:00+00:00,44,43.0,0.0013102472348178603,32.04019929560975,-0.0002056958216019043,-0.11205218357558389
2025-07-21T03:00:00+00:00,2025-07-21T03:43:00+00:00,44,43.0,0.003830154826919031,42.75972577953706,0.0005261628625242028,0.24147513195618142
2025-07-22T07:01:00+00:00,2025-07-22T07:44:00+00:00,44,43.0,0.004718945201484425,38.419000838570284,0.0005696057508426598,0.21569931363001338
2025-07-22T09:17:00+00:00,2025-07-22T10:00:00+00:00,44,43.0,0.0035612687890250686,32.623583857507974,0.0003058476332579102,0.4394491061253891
2025-07-30T10:54:00+00:00,2025-07-30T11:37:00+00:00,44,43.0,0.0034579341160219145,36.54571302900688,-0.0003973210392539769,-0.1159233617774924
2025-08-01T22:24:00+00:00,2025-08-01T23:07:00+00:00,44,43.0,0.005216010664409813,37.27903709690284,-0.0006619556237751525,-0.3457981078505812
2025-08-09T20:25:00+00:00,2025-08-09T21:08:00+00:00,44,43.0,0.002347691181333412,42.664157306712326,0.00021733528228915533,0.07243115825565916
2025-08-11T21:33:00+00:00,2025-08-11T22:16:00+00:00,44,43.0,0.004745650182863359,35.946821772569145,-0.0004196838071701281,0.056060332720186956
2025-07-20T19:46:00+00:00,2025-07-20T20:28:00+00:00,43,42.0,0.003205151719272427,42.03697834587934,-0.00037543698885356087,-0.2865900849293501
2025-07-28T02:13:00+00:00,2025-07-28T02:55:00+00:00,43,42.0,0.003745199090285502,43.58619353081761,0.00041975597734039975,0.11707686901565317
2025-07-28T07:05:00+00:00,2025-07-28T07:47:00+00:00,43,42.0,0.0045140887226378604,42.844787313325334,-0.000506168672561903,-0.18945024159943147
2025-07-28T16:55:00+00:00,2025-07-28T17:37:00+00:00,43,42.0,0.003693376541705327,33.977539190789955,-0.000343857648717003,-0.11399155191235133
2025-07-29T14:01:00+00:00,2025-07-29T14:43:00+00:00,43,42.0,0.004146126768844714,36.481105173393864,-0.0004949414004556129,-0.22240577917536086
2025-07-30T23:40:00+00:00,2025-07-31T00:22:00+00:00,43,42.0,0.001856239167479837,35.908833434695985,0.0002787249290188006,0.2162450709469077
2025-08-02T16:43:00+00:00,2025-08-02T17:25:00+00:00,43,42.0,0.0029342750135081144,33.00442588127822,0.00039882159446823234,0.17616501497226267
2025-08-03T00:24:00+00:00,2025-08-03T01:06:00+00:00,43,42.0,0.006118577991537135,30.462944762037296,0.0001741428575006264,0.554006261285811
2025-07-14T16:51:00+00:00,2025-07-14T17:32:00+00:00,42,41.0,0.004174498123009879,28.264814377817743,0.00038836796002783493,0.04739079918876232
2025-07-24T12:17:00+00:00,2025-07-24T12:58:00+00:00,42,41.0,0.002147092091057854,32.498295882197674,-0.0001983991588504206,0.04626877769371429
2025-07-27T12:55:00+00:00,2025-07-27T13:36:00+00:00,42,41.0,0.001498369108633949,39.96818046231491,0.00019055027135959535,0.07540724146755107
2025-08-05T21:44:00+00:00,2025-08-05T22:25:00+00:00,42,41.0,0.0036674038770141354,40.40850907415333,-7.701162532537901e-05,0.10640301484008408
2025-08-06T21:33:00+00:00,2025-08-06T22:14:00+00:00,42,41.0,0.002438014734809841,37.99497072539648,-3.9417221225505836e-05,0.12091025414640022
2025-08-07T06:49:00+00:00,2025-08-07T07:30:00+00:00,42,41.0,0.0017322775826038848,33.67044522106174,0.00021320582319039904,0.0727090756444726
2025-07-14T23:02:00+00:00,2025-07-14T23:42:00+00:00,41,40.0,0.0018387297225953285,40.62036872685678,-0.00021835807199868578,-0.17505007381931614
2025-07-26T06:09:00+00:00,2025-07-26T06:49:00+00:00,41,40.0,0.0009727300532046696,41.104846812036335,-5.40847929434711e-05,0.012186589467888531
2025-07-30T19:44:00+00:00,2025-07-30T20:24:00+00:00,41,40.0,0.005025164965701484,34.153713555135646,0.0008299410883803864,0.37840292713859913
2025-08-01T03:52:00+00:00,2025-08-01T04:32:00+00:00,41,40.0,0.0030989532926564336,44.248141882325875,-0.00041301801711110715,-0.16069717318277776
2025-07-23T16:12:00+00:00,2025-07-23T16:51:00+00:00,40,39.0,0.004514418916259143,32.209890144243715,-0.0006261898838399883,-0.15981469973064266
2025-07-25T07:53:00+00:00,2025-07-25T08:32:00+00:00,40,39.0,0.007043322437536399,30.345219689288058,0.0004522477599070591,0.7197128468612313
2025-07-27T14:14:00+00:00,2025-07-27T14:53:00+00:00,40,39.0,0.002075970427854401,36.12501431368396,0.00012262625961810347,0.06636575222831453
2025-08-02T14:18:00+00:00,2025-08-02T14:57:00+00:00,40,39.0,0.002722167230394893,34.123450577793776,-0.000378440018462508,-0.08223909404495577
2025-08-03T07:01:00+00:00,2025-08-03T07:40:00+00:00,40,39.0,0.0013545442427440957,37.08165327808454,0.00017243289164802918,0.04218119951355792
2025-08-05T20:30:00+00:00,2025-08-05T21:09:00+00:00,40,39.0,0.0032084089506318096,32.45515105521494,-0.0001217411644530214,-0.09747418909816785
2025-07-18T01:10:00+00:00,2025-07-18T01:48:00+00:00,39,38.0,0.0054999607012750605,31.868188903622578,0.0007158274260620374,0.2380248435307264
2025-07-19T14:30:00+00:00,2025-07-19T15:08:00+00:00,39,38.0,0.002502742361344746,34.9401334564577,-0.0003418547702876938,-0.12046241970938842
2025-07-27T01:10:00+00:00,2025-07-27T01:48:00+00:00,39,38.0,0.001531110565761824,40.045578556692895,0.0002294212376536372,0.040152545789995386
2025-07-30T14:40:00+00:00,2025-07-30T15:18:00+00:00,39,38.0,0.005579595293687879,37.643810281176414,0.0006004300136713143,0.18720965365366382
2025-08-02T19:03:00+00:00,2025-08-02T19:41:00+00:00,39,38.0,0.00514690802883827,32.13477458422451,0.0003246967097260547,0.3863274303167241
2025-08-05T03:10:00+00:00,2025-08-05T03:48:00+00:00,39,38.0,0.0023847720550829515,38.51226817471444,-0.00036498518706313025,-0.151447225492074
2025-08-10T21:50:00+00:00,2025-08-10T22:28:00+00:00,39,38.0,0.003814589744450766,35.93106378750055,0.0006329231016937576,0.3106497137464137
2025-07-19T15:18:00+00:00,2025-07-19T15:55:00+00:00,38,37.0,0.0024354711227124065,33.899261164722375,0.0002953511688714172,-0.09012226163719328
2025-07-21T09:21:00+00:00,2025-07-21T09:58:00+00:00,38,37.0,0.0024320938207859047,36.71400277781192,-0.00031345745441149704,-0.10866079567309894
2025-07-25T16:47:00+00:00,2025-07-25T17:24:00+00:00,38,37.0,0.003642758712522447,30.152962249703023,0.00046455296417774206,0.20779780902269174
2025-07-31T21:54:00+00:00,2025-07-31T22:31:00+00:00,38,37.0,0.00397863319529276,32.013871776657375,-0.000520439735032441,-0.20050702332976567
2025-08-10T20:42:00+00:00,2025-08-10T21:19:00+00:00,38,37.0,0.005091312547869531,31.907724775305677,-8.436341344425017e-05,-0.23639704921157856
2025-08-11T04:54:00+00:00,2025-08-11T05:31:00+00:00,38,37.0,0.0037874565405607765,37.663286518924906,0.00031687219517400196,-0.051376134761171866
2025-07-16T10:37:00+00:00,2025-07-16T11:13:00+00:00,37,36.0,0.002874066396778205,32.16740068967871,-0.00038385492675215493,-0.056413813397238055
2025-07-17T05:46:00+00:00,2025-07-17T06:22:00+00:00,37,36.0,0.0030157147872692516,31.446337440138603,0.0001953782994401343,-0.04024066787697844
2025-08-02T23:20:00+00:00,2025-08-02T23:56:00+00:00,37,36.0,0.004589358064970503,37.06405363672711,-9.873136881864032e-05,0.1278108826160418
2025-08-06T17:35:00+00:00,2025-08-06T18:11:00+00:00,37,36.0,0.002150260191199267,34.57605770349403,0.0003871918679481383,0.24932984473904352
2025-08-09T05:07:00+00:00,2025-08-09T05:43:00+00:00,37,36.0,0.0038791869653213183,36.56575827757631,0.0004738125848815419,0.19147527713752055
2025-07-14T02:23:00+00:00,2025-07-14T02:58:00+00:00,36,35.0,0.005338814951283317,36.97202633495727,0.0006319489060284627,0.012455486265516846
2025-07-15T22:43:00+00:00,2025-07-15T23:18:00+00:00,36,35.0,0.0033664862557962593,34.744572066561744,0.0004492249241340941,0.02174481776824333
2025-07-17T09:22:00+00:00,2025-07-17T09:57:00+00:00,36,35.0,0.004114266271033709,36.79909276949024,0.0005031940599257683,-0.06669397222738294
2025-07-20T00:53:00+00:00,2025-07-20T01:28:00+00:00,36,35.0,0.002271809150794701,33.27910162169836,0.00035355475212150837,0.06963605196665945
2025-07-22T16:43:00+00:00,2025-07-22T17:18:00+00:00,36,35.0,0.002776788529138931,27.682745452570764,-0.00044988807643274773,-0.1932462253047329
2025-07-30T15:51:00+00:00,2025-07-30T16:26:00+00:00,36,35.0,0.003303775109104231,39.01580028894861,-0.00034149278275494624,-0.06682570279353817
2025-08-07T08:04:00+00:00,2025-08-07T08:39:00+00:00,36,35.0,0.0025368356658154695,38.47774260262669,0.00029933984116521623,0.02279103146813899
2025-08-08T20:38:00+00:00,2025-08-08T21:13:00+00:00,36,35.0,0.002279574657832795,39.66186912319509,0.0003576526970163052,0.18865820178448622
2025-08-11T12:38:00+00:00,2025-08-11T13:13:00+00:00,36,35.0,0.004402399143470537,35.88017162716003,-0.0006750078508939684,-0.24980344566838397
2025-07-14T09:13:00+00:00,2025-07-14T09:47:00+00:00,35,34.0,0.0032761778907707726,35.17425720799747,-0.0005093856848226554,-0.22164389432411946
2025-07-17T07:03:00+00:00,2025-07-17T07:37:00+00:00,35,34.0,0.003610071645160933,38.66618607277355,-0.0004368447612611987,0.03573875478386501
2025-07-20T13:53:00+00:00,2025-07-20T14:27:00+00:00,35,34.0,0.003982488379410357,41.967510803347174,0.0005597329236033614,0.1704733699804617
2025-07-22T06:04:00+00:00,2025-07-22T06:38:00+00:00,35,34.0,0.003297480842084733,32.76335246948583,0.0005155797115027129,0.08932076201084715
2025-07-26T12:22:00+00:00,2025-07-26T12:56:00+00:00,35,34.0,0.0011683916422710408,35.98627656585895,0.00011922216319599818,-0.0012724114062390157
2025-08-02T19:50:00+00:00,2025-08-02T20:24:00+00:00,35,34.0,0.0046153043345801585,31.27437386882143,-0.0004723088456438779,-0.19846829800311827
2025-08-09T06:05:00+00:00,2025-08-09T06:39:00+00:00,35,34.0,0.0022541621389122516,33.86497319391,-0.00020227806724488727,0.01913049744439732
2025-07-15T19:36:00+00:00,2025-07-15T20:09:00+00:00,34,33.0,0.0038825538121896965,31.552276159234424,-0.0004901467692466408,-0.11535656405416983
2025-07-17T01:33:00+00:00,2025-07-17T02:06:00+00:00,34,33.0,0.006451674790964767,40.267359023712494,-0.0008549900329740903,-0.14167692423368017
2025-07-21T13:32:00+00:00,2025-07-21T14:05:00+00:00,34,33.0,0.004829984956502848,36.884073098703254,0.0007384869016100382,0.18377837189416102
2025-07-25T09:57:00+00:00,2025-07-25T10:30:00+00:00,34,33.0,0.005058608218542966,34.85250266626027,0.0006647863965566367,0.20273476254151213
2025-07-29T10:48:00+00:00,2025-07-29T11:21:00+00:00,34,33.0,0.002905280631382162,39.840487889840205,-0.0002573192095521767,0.06457796944547844
2025-07-31T08:59:00+00:00,2025-07-31T09:32:00+00:00,34,33.0,0.0011889176427883166,38.57742224953253,-0.00016168566743088357,-0.0301980248129885
2025-08-08T08:28:00+00:00,2025-08-08T09:01:00+00:00,34,33.0,0.002602857669395919,42.19739369640768,-0.0003310211771280809,-0.12001704242002864
2025-08-08T11:57:00+00:00,2025-08-08T12:30:00+00:00,34,33.0,0.0023527023279348662,33.413835010219096,-0.00018939938933820787,-0.19412074344479224
2025-08-08T13:22:00+00:00,2025-08-08T13:55:00+00:00,34,33.0,0.0027494727086407184,34.07834366693647,0.00026798448053304714,0.05186286258997974
2025-07-15T11:13:00+00:00,2025-07-15T11:45:00+00:00,33,32.0,0.00485374343174657,42.64943015119991,-0.0005921435082464924,-0.12076343717905003
2025-07-15T18:27:00+00:00,2025-07-15T18:59:00+00:00,33,32.0,0.007931081579540427,37.0291069742097,-0.0006634059794483081,-0.14295442568422745
2025-07-16T02:20:00+00:00,2025-07-16T02:52:00+00:00,33,32.0,0.002984467201070247,31.858132129925686,-0.00041430782987513903,-0.033319386343833024
2025-07-20T18:50:00+00:00,2025-07-20T19:22:00+00:00,33,32.0,0.002207215764171655,33.987848695623896,0.0002970986713805933,0.07527861960470172
2025-07-26T01:39:00+00:00,2025-07-26T02:11:00+00:00,33,32.0,0.0016276598938486761,38.933702807332295,-0.00019282801173426138,-0.05439346596358696
2025-07-28T13:13:00+00:00,2025-07-28T13:45:00+00:00,33,32.0,0.003377833766873596,33.46000321538862,-0.00021949971467805923,-0.01920823325535226
2025-08-02T08:34:00+00:00,2025-08-02T09:06:00+00:00,33,32.0,0.0017086605144897332,32.933469739429654,-0.00023133554814219236,0.004925441134817632
2025-08-03T19:55:00+00:00,2025-08-03T20:27:00+00:00,33,32.0,0.0019867402406065116,30.274614181132833,-0.00032495177893358373,-0.05374461678512299
2025-07-18T00:24:00+00:00,2025-07-18T00:55:00+00:00,32,31.0,0.003841507987975916,29.931122389749984,0.0005497336532373125,0.21163126079302153
2025-07-22T10:45:00+00:00,2025-07-22T11:16:00+00:00,32,31.0,0.0026484825132428395,34.74394182883668,0.0003893147315489051,0.2008805051576079
2025-07-23T12:42:00+00:00,2025-07-23T13:13:00+00:00,32,31.0,0.0048097555058212015,32.7846543109559,-0.0005647050870309187,-0.07235663442635154
2025-07-27T22:57:00+00:00,2025-07-27T23:28:00+00:00,32,31.0,0.0032456659796147053,38.92556442474992,-0.00030000149425441554,-0.09764276803441163
2025-08-03T12:02:00+00:00,2025-08-03T12:33:00+00:00,32,31.0,0.0020568438000218067,36.91390129457973,-0.0002391305045401262,0.02847798361811371
2025-07-15T11:53:00+00:00,2025-07-15T12:23:00+00:00,31,30.0,0.004395799960147995,39.69435910427384,0.0005109935971127406,-0.04564718996240558
2025-07-21T03:50:00+00:00,2025-07-21T04:20:00+00:00,31,30.0,0.0016797770780996948,28.87450691599113,-0.00011241213753760014,0.00617086186651683
2025-07-25T04:32:00+00:00,2025-07-25T05:02:00+00:00,31,30.0,0.005933781167956096,34.39916301885455,0.000892226286807509,0.31051707843932075
2025-07-25T13:21:00+00:00,2025-07-25T13:51:00+00:00,31,30.0,0.005100333871540099,30.073210838904274,-0.0002627504355664416,-0.2690440702980079
2025-08-03T23:39:00+00:00,2025-08-04T00:09:00+00:00,31,30.0,0.0011850955051711522,33.15323221488071,-0.00013159655066738462,-0.05754793252263912
2025-08-07T21:38:00+00:00,2025-08-07T22:08:00+00:00,31,30.0,0.0021075509327677464,36.76128769260486,-0.0001710026313615549,-0.008282393765490781
2025-08-10T12:20:00+00:00,2025-08-10T12:50:00+00:00,31,30.0,0.0016473645211351935,34.21320724372608,0.00026421635433126545,0.09860011454145834
2025-07-14T14:24:00+00:00,2025-07-14T14:53:00+00:00,30,29.0,0.0070140757315762916,26.38139622231745,-0.0011319041947287739,-0.415111064246243
2025-07-15T16:32:00+00:00,2025-07-15T17:01:00+00:00,30,29.0,0.006064365494533387,29.60484694419296,0.0006701568931555774,0.06311591322756271
2025-07-18T17:53:00+00:00,2025-07-18T18:22:00+00:00,30,29.0,0.002461335408054719,31.171906733628514,-0.0002786235856007964,-0.1418881329461108
2025-07-22T13:49:00+00:00,2025-07-22T14:18:00+00:00,30,29.0,0.011452143603269163,35.65287853715063,-0.0012969688542103718,-0.51104630715616
2025-07-23T07:54:00+00:00,2025-07-23T08:23:00+00:00,30,29.0,0.002340505048622851,35.90900668513968,2.221668792843988e-05,0.016985016004777975
2025-07-31T01:50:00+00:00,2025-07-31T02:19:00+00:00,30,29.0,0.002625085511935489,30.866684399267697,-9.943916773254318e-05,0.054512980691900914
2025-08-06T14:56:00+00:00,2025-08-06T15:25:00+00:00,30,29.0,0.008532119462907696,33.45399237577756,0.0009993932304005705,0.12998972802349407
2025-08-09T21:18:00+00:00,2025-08-09T21:47:00+00:00,30,29.0,0.0027601737734790715,32.725514024336654,-0.000378182891749255,-0.08606331960725466
2025-07-19T09:36:00+00:00,2025-07-19T10:04:00+00:00,29,28.0,0.0012158655996378804,34.76479201339972,7.693219118262582e-05,-0.04093691401640953
2025-07-20T17:02:00+00:00,2025-07-20T17:30:00+00:00,29,28.0,0.0030489577535750055,35.11307985489841,-0.00034145781098160287,0.045394641741602904
2025-07-20T17:46:00+00:00,2025-07-20T18:14:00+00:00,29,28.0,0.0027450687074929408,36.33882554937621,-0.00023657475873153794,0.024037240795604653
2025-07-24T00:21:00+00:00,2025-07-24T00:49:00+00:00,29,28.0,0.0030238744536929167,32.39341917108184,0.00042676761631923343,0.08848165645733985
2025-07-30T04:37:00+00:00,2025-07-30T05:05:00+00:00,29,28.0,0.00159854390884628,34.82970319856354,-0.00021060704804566556,0.0893755835063903
2025-07-31T23:33:00+00:00,2025-08-01T00:01:00+00:00,29,28.0,0.004172793241093736,33.60314325180316,-0.0005730657736692793,-0.20980655869795584
2025-08-02T13:11:00+00:00,2025-08-02T13:39:00+00:00,29,28.0,0.002109521530829237,34.89378286359216,-0.0003043343836039804,-0.12905307307630176
2025-08-11T17:16:00+00:00,2025-08-11T17:44:00+00:00,29,28.0,0.0033159042624612725,36.76955756445991,-0.00043856390157651293,0.08962131649701277
2025-08-12T08:24:00+00:00,2025-08-12T08:52:00+00:00,29,28.0,0.0022029652431618998,34.49145058496267,-2.9171614068743266e-06,0.015312518404475561
2025-07-20T12:54:00+00:00,2025-07-20T13:21:00+00:00,28,27.0,0.0024908027357894865,31.251170191688402,0.0003064047062639764,0.020746150107298078
2025-07-21T16:06:00+00:00,2025-07-21T16:33:00+00:00,28,27.0,0.006184866574444997,38.4534314572012,-0.0008359902117127504,-0.1201185938161875
2025-07-23T09:18:00+00:00,2025-07-23T09:45:00+00:00,28,27.0,0.00288715586499626,35.55737559501025,-0.000346244095445422,-0.04825723646892932
2025-07-23T13:43:00+00:00,2025-07-23T14:10:00+00:00,28,27.0,0.00541486928474265,28.70255046544694,-0.00042189503268771905,0.02660949168220572
2025-08-03T10:14:00+00:00,2025-08-03T10:41:00+00:00,28,27.0,0.0008297115691908935,35.91610478242159,0.0001311973066138288,0.03482053356314019
2025-08-04T13:59:00+00:00,2025-08-04T14:26:00+00:00,28,27.0,0.0062495180266963,35.6682115768699,0.0009758368173697909,0.34369257099975403
2025-08-11T21:01:00+00:00,2025-08-11T21:28:00+00:00,28,27.0,0.0032532091566622643,30.590489064932434,9.371363214042082e-05,0.17029766314229366
2025-07-13T22:01:00+00:00,2025-07-13T22:27:00+00:00,27,26.0,0.0033062551955795935,28.854162412450084,-0.0004632928754632608,-0.058592249444255895
2025-07-14T17:36:00+00:00,2025-07-14T18:02:00+00:00,27,26.0,0.002938888804643524,34.34418794392391,-0.0004509461529916925,-0.04368778242817006
2025-07-14T20:35:00+00:00,2025-07-14T21:01:00+00:00,27,26.0,0.003028905183274962,28.277643178198385,0.0005032732234682515,0.004746934271615544
2025-07-19T06:24:00+00:00,2025-07-19T06:50:00+00:00,27,26.0,0.0013257777648092496,36.55104336152854,-0.00012647348423968296,0.006095294855668065
2025-07-21T19:29:00+00:00,2025-07-21T19:55:00+00:00,27,26.0,0.00500468047355455,30.78519434318405,-0.0007410055164307559,-0.2739152537304501
2025-07-23T23:50:00+00:00,2025-07-24T00:16:00+00:00,27,26.0,0.002518132535623725,28.03009768576746,0.0001770040912976253,0.20295089246895603
2025-08-05T08:24:00+00:00,2025-08-05T08:50:00+00:00,27,26.0,0.00363396254689105,38.91727021094804,0.0003724822982239258,-0.03186383288645844
2025-08-07T04:37:00+00:00,2025-08-07T05:03:00+00:00,27,26.0,0.002001177154174163,29.942576624121468,-0.0002917963618918677,-0.08841184001566749
2025-08-11T09:23:00+00:00,2025-08-11T09:49:00+00:00,27,26.0,0.002429281296694208,37.202421379705314,-0.00026298889520080386,0.07663637195174378
2025-08-11T16:40:00+00:00,2025-08-11T17:06:00+00:00,27,26.0,0.004867468159114337,30.67814416449897,-0.0006859966875678477,0.06784141776896568
2025-07-13T14:18:00+00:00,2025-07-13T14:43:00+00:00,26,25.0,0.006446930067888956,33.22316918561863,0.0006140873974362002,-0.13753562391237706
2025-07-19T01:00:00+00:00,2025-07-19T01:25:00+00:00,26,25.0,0.00327652458787594,32.64612862527978,3.7709953014403925e-05,0.20332732896033434
2025-07-21T08:41:00+00:00,2025-07-21T09:06:00+00:00,26,25.0,0.0031723966629162953,34.66536809430478,-0.0004317907892554094,0.0554594818067633
2025-07-26T15:54:00+00:00,2025-07-26T16:19:00+00:00,26,25.0,0.0023680400078584063,36.77230824849423,0.0002080994073979265,0.002962799930594784
2025-07-27T02:56:00+00:00,2025-07-27T03:21:00+00:00,26,25.0,0.0028427390243564703,32.101996353841905,-4.676080698517858e-05,-0.20589192364418585
2025-07-31T17:53:00+00:00,2025-07-31T18:18:00+00:00,26,25.0,0.004411629734912993,25.03376562609194,-0.0006710838808804325,-0.23450392779215123
2025-08-02T05:11:00+00:00,2025-08-02T05:36:00+00:00,26,25.0,0.002057287857225746,37.71174237651168,-3.7589516250549446e-05,0.07886220629755858
2025-08-03T14:17:00+00:00,2025-08-03T14:42:00+00:00,26,25.0,0.0031996680401153235,29.383523244453027,-0.0003552334827694578,0.03085445750217186
2025-08-03T19:23:00+00:00,2025-08-03T19:48:00+00:00,26,25.0,0.002878719846188412,32.39926347595081,0.00022667926761188087,-0.1251660588751924
2025-08-04T14:43:00+00:00,2025-08-04T15:08:00+00:00,26,25.0,0.005189214048505752,29.933081767006854,-0.0006848128617604137,-0.12957986555002243
2025-08-06T08:34:00+00:00,2025-08-06T08:59:00+00:00,26,25.0,0.0026258349379026176,35.70105158737037,-0.00030359978430131063,-0.0062331441734952975
2025-08-06T20:33:00+00:00,2025-08-06T20:58:00+00:00,26,25.0,0.0018326076919670637,37.09045837961909,-0.00021460908131460066,0.03434582506931516
2025-08-07T12:07:00+00:00,2025-08-07T12:32:00+00:00,26,25.0,0.0028043396148974583,34.218853711667165,-0.00035576906365479696,-0.01014563282095704
2025-08-11T11:16:00+00:00,2025-08-11T11:41:00+00:00,26,25.0,0.004165330315590809,36.71465569097647,-0.0006020590709836926,-0.15979768338874045
2025-07-13T17:35:00+00:00,2025-07-13T17:59:00+00:00,25,24.0,0.0011323532688482614,31.471726302844175,0.00015872730382450847,-0.04835809930766599
2025-07-14T05:22:00+00:00,2025-07-14T05:46:00+00:00,25,24.0,0.00990217233775737,39.98607339097467,0.0013868063268379417,0.3012525244567632
2025-07-16T20:26:00+00:00,2025-07-16T20:50:00+00:00,25,24.0,0.004611398794153741,27.859789375488454,0.000783091255834372,0.23070165962837397
2025-07-18T11:56:00+00:00,2025-07-18T12:20:00+00:00,25,24.0,0.0018538288144249744,35.32235662428516,0.0003409226949280721,0.11436972046967586
2025-07-22T02:45:00+00:00,2025-07-22T03:09:00+00:00,25,24.0,0.004581653863549043,29.799045314993656,-0.0006667925492934875,-0.17041994271570493
2025-07-25T20:35:00+00:00,2025-07-25T20:59:00+00:00,25,24.0,0.004628544851247377,33.094587740248855,0.0006121363374621973,0.026756733421717804
2025-07-25T23:40:00+00:00,2025-07-26T00:04:00+00:00,25,24.0,0.0024867767010729397,31.998169314062796,0.0003296901451687187,-0.12273299067893095
2025-07-26T07:08:00+00:00,2025-07-26T07:32:00+00:00,25,24.0,0.0003872406891969534,32.01400313721185,-2.5835464484772804e-05,0.020374984974513843
2025-08-03T02:05:00+00:00,2025-08-03T02:29:00+00:00,25,24.0,0.002740441890255282,32.246540417334565,0.0003590802465195241,0.0038836836739664093
2025-08-08T07:18:00+00:00,2025-08-08T07:42:00+00:00,25,24.0,0.002923033108895121,30.101942806079347,0.0003651951042901165,-0.0463021209110237
2025-08-10T05:17:00+00:00,2025-08-10T05:41:00+00:00,25,24.0,0.0038855940686737533,38.20849787675121,-0.0004374633611195452,0.05798230058533527
2025-07-15T08:20:00+00:00,2025-07-15T08:43:00+00:00,24,23.0,0.003288560946082882,27.408382086943362,1.4261818608390343e-05,0.31498416062474277
2025-07-16T13:42:00+00:00,2025-07-16T14:05:00+00:00,24,23.0,0.005594416535820933,28.78675189981608,-0.0002480800807551843,0.2856867554605902
2025-07-20T06:08:00+00:00,2025-07-20T06:31:00+00:00,24,23.0,0.0008254980349189706,34.7209094444712,-6.884056234257527e-05,-0.009508600614160923
2025-07-21T04:26:00+00:00,2025-07-21T04:49:00+00:00,24,23.0,0.0022767457090689283,28.929154328126327,0.0002642644028900355,-0.03578388223052231
2025-08-02T22:18:00+00:00,2025-08-02T22:41:00+00:00,24,23.0,0.003680128339573627,36.208132054312316,-0.0003719274440190548,0.1247716589835246
2025-08-09T07:18:00+00:00,2025-08-09T07:41:00+00:00,24,23.0,0.0019264649216968188,36.03309898727729,0.00025596998682543234,-0.03655731150510322
2025-08-10T00:13:00+00:00,2025-08-10T00:36:00+00:00,24,23.0,0.000994879381203165,33.40002976167035,0.00011739012973174875,-0.01596024012439079
2025-07-13T13:36:00+00:00,2025-07-13T13:58:00+00:00,23,22.0,0.0033212717340211006,30.535514316477535,0.000456960249708451,0.08854943531797499
2025-07-14T04:45:00+00:00,2025-07-14T05:07:00+00:00,23,22.0,0.003227199703564515,32.91776683541395,0.0004738170471125542,0.0789645006299855
2025-07-14T18:51:00+00:00,2025-07-14T19:13:00+00:00,23,22.0,0.003888192383032918,31.974925670839326,-6.203071384361524e-05,0.08231828343396863
2025-07-21T15:30:00+00:00,2025-07-21T15:52:00+00:00,23,22.0,0.004849568966119128,27.93603866098589,-0.0006750656798904017,-0.10812241176183512
2025-07-22T19:26:00+00:00,2025-07-22T19:48:00+00:00,23,22.0,0.004021405736504683,21.477227971821325,-0.0005820818683883893,-0.08445649025946578
2025-07-23T00:53:00+00:00,2025-07-23T01:15:00+00:00,23,22.0,0.0033382034063069933,26.755069457416816,-0.0005176402229069098,-0.03712340438341011
2025-07-23T20:28:00+00:00,2025-07-23T20:50:00+00:00,23,22.0,0.006436726390940309,35.71663458557756,-0.0008458418276605338,-0.15594872338171584
2025-07-28T09:38:00+00:00,2025-07-28T10:00:00+00:00,23,22.0,0.0022036742219779613,34.497450851956444,2.759424082163414e-05,0.07490888890759884
2025-07-31T18:28:00+00:00,2025-07-31T18:50:00+00:00,23,22.0,0.003539015943554304,29.06826075950249,0.0003740461974069677,-0.06567726497466175
2025-08-03T01:30:00+00:00,2025-08-03T01:52:00+00:00,23,22.0,0.002294081233986264,30.82113290292812,0.0001561032895850861,-0.11580642822919263
2025-08-03T05:28:00+00:00,2025-08-03T05:50:00+00:00,23,22.0,0.0014547534668668616,32.98348207413087,7.71470289306435e-05,-0.0531020678103622
2025-08-04T05:58:00+00:00,2025-08-04T06:20:00+00:00,23,22.0,0.0021536626555269424,31.434566308636793,3.275218007498114e-05,-0.06349772772594742
2025-08-04T16:07:00+00:00,2025-08-04T16:29:00+00:00,23,22.0,0.0031950478948012105,31.699689803939904,0.0002970028538597978,-0.2247573671676939
2025-08-10T06:18:00+00:00,2025-08-10T06:40:00+00:00,23,22.0,0.0029161324782065764,29.84116019873779,-0.0004293698867405269,-0.011796526050389389
2025-08-10T20:13:00+00:00,2025-08-10T20:35:00+00:00,23,22.0,0.004741879601653613,37.07462054022201,-0.00056103356359873,0.05367713751236458
2025-07-13T12:53:00+00:00,2025-07-13T13:14:00+00:00,22,21.0,0.004457731586312924,36.90653960721748,0.00036862968220006454,-0.23724321525788739
2025-07-22T04:46:00+00:00,2025-07-22T05:07:00+00:00,22,21.0,0.004912835785679765,26.941613836066246,-0.0006319491099484034,-0.045615713714752815
2025-07-24T07:11:00+00:00,2025-07-24T07:32:00+00:00,22,21.0,0.007401228835873239,27.69332112292841,0.0010105717297580626,0.1316022811062023
2025-07-25T09:21:00+00:00,2025-07-25T09:42:00+00:00,22,21.0,0.006303788475466524,29.900441901720864,0.0009405123182871872,0.1013622006417414
2025-07-26T02:21:00+00:00,2025-07-26T02:42:00+00:00,22,21.0,0.003370422881173731,34.22039324855859,0.00044812030286839615,0.06088438183617928
2025-07-29T03:47:00+00:00,2025-07-29T04:08:00+00:00,22,21.0,0.003763482637906003,31.14510399148118,0.0005896038348248349,-0.012303989442163932
2025-07-30T08:45:00+00:00,2025-07-30T09:06:00+00:00,22,21.0,0.002583538277768555,35.475929350766656,0.0003344775465570022,0.04952097331529792
2025-08-01T19:17:00+00:00,2025-08-01T19:38:00+00:00,22,21.0,0.005322627021917382,28.70621408770108,-0.0005361510131751125,-0.1931436640250972
2025-08-06T11:20:00+00:00,2025-08-06T11:41:00+00:00,22,21.0,0.002128470769296559,30.241524633879013,0.00032400511784642434,0.03669197741735797
2025-08-07T01:21:00+00:00,2025-08-07T01:42:00+00:00,22,21.0,0.0024731392706579436,38.09705929282799,0.00026295246764378605,0.010698824608001978
2025-08-07T01:53:00+00:00,2025-08-07T02:14:00+00:00,22,21.0,0.003497466368659802,36.79203068245582,-0.0004241446251203311,-0.003484411613541294
2025-08-09T10:10:00+00:00,2025-08-09T10:31:00+00:00,22,21.0,0.0033285337695798,35.14992098459048,0.000528231848440077,0.0510987072282143
2025-07-13T19:24:00+00:00,2025-07-13T19:44:00+00:00,21,20.0,0.0033454824497885253,36.69866016381448,0.00027272673952812775,-0.08930647312455076
2025-07-20T09:57:00+00:00,2025-07-20T10:17:00+00:00,21,20.0,0.0014255303493417503,32.81052417340136,-0.00019330079691334853,-0.02559525928337303
2025-07-22T07:56:00+00:00,2025-07-22T08:16:00+00:00,21,20.0,0.004525504657511392,27.333442095891492,-0.0007530259642631388,-0.050577654520678195
2025-07-26T11:55:00+00:00,2025-07-26T12:15:00+00:00,21,20.0,0.0008847810037163556,30.42818624969387,-0.0001462564640098198,0.018165597244945708
2025-07-27T22:01:00+00:00,2025-07-27T22:21:00+00:00,21,20.0,0.00474110245735969,35.662853907168504,0.0008031827917310407,0.1631244870957449
2025-07-29T14:51:00+00:00,2025-07-29T15:11:00+00:00,21,20.0,0.005422323489046311,29.52234807983179,-0.0008000646160572127,-0.0008487797094169913
2025-08-01T23:11:00+00:00,2025-08-01T23:31:00+00:00,21,20.0,0.003870679027516844,15.63093350363864,0.0006010253227642722,0.15005294687562287
2025-08-03T21:38:00+00:00,2025-08-03T21:58:00+00:00,21,20.0,0.001397421465694806,29.865012258813515,-0.00010068306006610084,0.039183444994495
2025-08-07T18:57:00+00:00,2025-08-07T19:17:00+00:00,21,20.0,0.0031658191965671933,32.576319567932195,0.00040229417556719656,0.019401106721539385
2025-08-09T04:36:00+00:00,2025-08-09T04:56:00+00:00,21,20.0,0.003035416218548257,30.320530904302174,-7.505985721232615e-05,-0.2200523803561727
2025-08-10T04:00:00+00:00,2025-08-10T04:20:00+00:00,21,20.0,0.004359190485030327,32.77584911128569,0.0006067842075111305,0.029434213689016886
2025-07-13T16:53:00+00:00,2025-07-13T17:12:00+00:00,20,19.0,0.003825059343500191,29.949012037148613,-0.0004990084430746612,0.07232177366407466
2025-07-13T23:50:00+00:00,2025-07-14T00:09:00+00:00,20,19.0,0.004565541892679527,33.60893976110442,0.0005461573228902213,0.031286506180339124
2025-07-14T11:24:00+00:00,2025-07-14T11:43:00+00:00,20,19.0,0.0035996632592685965,35.0086785932461,-0.00038508339129837753,0.1321370699675528
2025-07-15T07:40:00+00:00,2025-07-15T07:59:00+00:00,20,19.0,0.003897203443251805,29.057636082221013,-0.0003739607383442369,0.07387037035451183
2025-07-16T15:35:00+00:00,2025-07-16T15:54:00+00:00,20,19.0,0.00894988986075312,29.020044334553376,-0.0004107435193459176,0.400982837395647
2025-07-17T17:03:00+00:00,2025-07-17T17:22:00+00:00,20,19.0,0.004515449557709499,28.550957666270495,0.0005980979070953609,-0.037980770445411594
2025-07-27T19:03:00+00:00,2025-07-27T19:22:00+00:00,20,19.0,0.0013811537549901537,30.208062918566572,-0.00019963763130335875,-0.045400393638228564
2025-07-29T00:34:00+00:00,2025-07-29T00:53:00+00:00,20,19.0,0.00729439165089797,33.49475181216451,-0.0008310955119677076,0.11529755769548178
2025-08-01T00:46:00+00:00,2025-08-01T01:05:00+00:00,20,19.0,0.010467684710721108,29.339854452157347,-0.0006735806159768954,0.01328000499953852
2025-08-01T18:06:00+00:00,2025-08-01T18:25:00+00:00,20,19.0,0.0052445178280781,25.448774855770232,-0.0008923350600029113,-0.09847848980958362
2025-08-03T18:49:00+00:00,2025-08-03T19:08:00+00:00,20,19.0,0.001888389349790552,29.005815125317383,0.00017187730844977925,-0.04442967342440651
2025-08-06T19:48:00+00:00,2025-08-06T20:07:00+00:00,20,19.0,0.0015409956040793931,33.46176138118583,-0.0002217429156123636,0.04627993543384612
2025-08-10T00:53:00+00:00,2025-08-10T01:12:00+00:00,20,19.0,0.0017764704518659397,29.746079278935817,0.00011468127083847926,-0.09735028965139891
